{
  "id": "character-actions-list-5e",
  "title": "Character Actions List dnd5e",
  "description": "Provides an Actions List Component",
  "version": "7.1.2",
  "authors": [
    {
      "name": "akolumbic",
      "url": "https://github.com/akolumbic"
    }
  ],
  "esmodules": ["module/foundryvtt-dnd5eCharacterActions.js"],
  "styles": ["styles/foundryvtt-dnd5eCharacterActions.css"],
  "languages": [
    {
      "lang": "en",
      "name": "English",
      "path": "lang/en.json"
    }
  ],
  "relationships": {
    "systems": [
      {
        "id": "dnd5e",
        "type": "system",
        "compatibility": {
          "minimum": "3.1.0",
          "verified": "4.0.0"
        }
      }
    ]
  },
  "compatibility": {
    "minimum": 11,
    "verified": 12
  },
  "url": "https://github.com/akolumbic/foundryvtt-dnd5eCharacterActions",
  "manifest": "https://github.com/akolumbic/foundryvtt-dnd5eCharacterActions/releases/latest/download/module.json",
  "download": "https://github.com/akolumbic/foundryvtt-dnd5eCharacterActions/releases/latest/download/module.zip"
}
