{
  "id": "character-actions-list-5e",
  "title": "Actions Tab 5e",
  "description": "Provides an Actions List Component",
  "version": "7.2.1",
  "authors": [
    {
      "name": "akolumbic",
      "url": "https://github.com/akolumbic"
    },
    {
      "name": "Cameron East",
      "discord": "cronosaurusrex",
      "url": "https://github.com/eastcw",
      "ko-fi": "https://ko-fi.com/eastcw"
    },
    {
      "name": "Andrew Krigline",
      "discord": "Calego#0914",
      "url": "https://github.com/ElfFriend-DnD"
    }
  ],
  "esmodules": ["module/foundryvtt-dnd5eCharacterActions.js"],
  "styles": ["styles/foundryvtt-dnd5eCharacterActions.css"],
  "languages": [
    {
      "lang": "en",
      "name": "English",
      "path": "lang/en.json"
    }
  ],
  "relationships": {
    "systems": [
      {
        "id": "dnd5e",
        "type": "system",
        "compatibility": {
          "minimum": "3.1.0",
          "verified": "4.0.0"
        }
      }
    ]
  },
  "compatibility": {
    "minimum": 11,
    "verified": 12.331
  },
  "bugs": "https://github.com/akolumbic/foundryvtt-dnd5eCharacterActions/issues",
  "changelog": "https://github.com/akolumbic/foundryvtt-dnd5eCharacterActions/releases",
  "download": "https://github.com/akolumbic/foundryvtt-dnd5eCharacterActions/releases/download/v7.2.1/module.zip",
  "manifest": "https://github.com/akolumbic/foundryvtt-dnd5eCharacterActions/releases/download/v7.2.1/module.json",
  "readme": "https://github.com/akolumbic/foundryvtt-dnd5eCharacterActions/blob/main/README.md",
  "url": "https://github.com/akolumbic/foundryvtt-dnd5eCharacterActions",
  "manifestPlusVersion": "1.2.0",
  "flags": {
    "allowBugReporter": true
  },
  "tags": ["dnd5e", "character", "actions", "combat", "ui"]
}
